"Check last 100 debug log records","Ellenőrizze az utolsó 100 log hiba bejegyzést"
"Run Self-test","Futtass az önellenőrzést"
"Check for latest versions","Ellenőrizze a legfrissebb verziókat"
"Test Apikey","Api kulcs tesztelés"
"Self Test","Önellenőrzés"
"Payment Fee","Fizetési díj"
"The latest status from Mollie has been retrieved","A legfrissebb állapot a Mollie-tól lekérdezve"
"We cancelled order %1, created this order and marked it as complete.","Töröltük a %1 rendelést, létrehoztuk ezt a rendelést, és befejezettként jelöltük."
"Warning: We recommend to install the Mollie extension using Composer, currently it's installed in the app/code folder.","Figyelmeztetés: Javasoljuk, hogy a Mollie kiterjesztést Composer segítségével telepítse, jelenleg az app/code mappában van telepítve."
"The payment reminder email was successfully send","A fizetési emlékeztető e-mail sikeresen elküldve."
"Log is empty","A (log) napló üres"
"The payment reminder has been removed","A fizetési emlékeztető törölve lett"
"The selected payment reminders have been removed","A kiválasztott fizetési emlékeztetők törölve lettek"
"Pending Payment Reminders","Függőben lévő fizetések emlékeztető"
"The payment reminder for order #%1 has been sent","A %1 rendelés fizetési emlékeztetője el lett küldve"
"The payment reminder for %1 order(s) has been sent","A %1 rendelés(ek) fizetési emlékeztetője el lett küldve"
"Sent Payment Reminders","Küldött fizetési emlékeztetők"
"Invalid return, missing order id.","Érvénytelen visszatérés, hiányzik a rendelés ID."
"Invalid return from Mollie.","Érvénytelen visszatérés a Mollie-tól."
"There was an error checking the transaction status.","Hiba merült fel a tranzakció állapotának ellenőrzésekor."
"Transaction failed. Please verify your billing information and payment method, and try again.","A tranzakciós kísérlet sikertelen. Kérjük, ellenőrizze a számlázási információit és a fizetési módot, majd próbálja újra."
"Payment canceled, please try again.","A fizetést törölték, kérjük, próbálja újra."
"Payment of type %1 has been rejected. Decision is based on order and outcome of risk assessment.","A %1 típusú fizetést elutasították. A döntés a rendelésen és a kockázatelemzés kimenetelén alapul."
"Payment Method not found","Fizetési mód nem található"
"Canceled because an error occurred while redirecting the customer to Mollie","Törölve, mert hiba történt, miközben az ügyfelet a Mollie-ra irányították"
"A Timeout while connecting to %1 occurred, this could be the result of an outage. Please try again or select another payment method.","Időtúllépés történt a %1-hez való csatlakozás során, ez lehet egy leállás eredménye. Kérjük, próbálja újra, vagy válasszon egy másik fizetési módot."
"The required payment token is not available","A szükséges fizetési token nem érhető el"
"The payment token %1 does not exists","A %1 fizetési token nem létezik"
"Payment cancelled, please try again.","A fizetést törölték, kérjük, próbálja újra."
"The field ""payment_token"" is required for this request","A ""payment_token"" mező kötelező ennek a kérésnek a teljesítéséhez"
"Mollie API client for PHP is not installed, for more information about this issue see our %1 page.","A Mollie API kliens PHP-hez nincs telepítve, erről a problémáról további információt talál itt: %1."
"Mollie API client for PHP is not installed, for more information about this issue see: %1","A Mollie API kliens PHP-hez nincs telepítve, erről a problémáról további információt talál itt: %1"
"The order was canceled","A rendelés törölve lett"
"The order was canceled, reason: payment %1","A rendelés törölve lett, ok: fizetés %1"
"Test API-key: Empty value","Teszt API-kulcs: Üres érték"
"Test API-key: Should start with ""test_""","Teszt API-kulcs: ""test_""-tel kell kezdődnie"
"Enabled Methods: None, Please enable the payment methods in your Mollie dashboard.","Engedélyezett módok: Nincs, kérjük, engedélyezze a fizetési módokat a Mollie irányítópultján."
"Enabled Methods","Engedélyezett módok"
"Test API-key: Success!","Teszt API-kulcs: Sikerült!"
"Test API-key: %1","Teszt API-kulcs: %1"
"Live API-key: Empty value","Élő API-kulcs: Üres érték"
"Live API-key: Should start with ""live_""","Élő API-kulcs: ""live_""-tel kell kezdődnie"
"Enabled Methods: %1","Engedélyezett módok: %1"
"Live API-key: Success!","Élő API-kulcs: Sikerült!"
"Live API-key: %1","Élő API-kulcs: %1"
"Error: The client requires PHP version >= %1, you have %2.","Hiba: Az ügyfélnek PHP verzióra van szüksége: >= %1, önnek van %2."
"Success: PHP version: %1.","Siker: PHP verzió: %1."
"Error: PHP extension JSON is not enabled.","Hiba: A JSON PHP kiterjesztés nincs engedélyezve."
"Please make sure to enable ""json"" in your PHP configuration.","Kérjük, győződjön meg arról, hogy a ""json"" engedélyezve van a PHP konfigurációjában."
"Success: JSON is enabled.","Siker: A JSON engedélyezve van."
"Error: Mollie CompatibilityChecker not found.","Hiba: A Mollie CompatibilityChecker nem található."
"Warning: We recommend to use a unique payment status for pending Banktransfer payments","Figyelmeztetés: Javasoljuk, hogy a függő banki átutalásokhoz egyedi fizetési állapotot használjon."
"Live","Élő"
"Test","Teszt"
"External","Külső"
"Direct","Közvetlen"
"On Authorize","Az engedélyezés során"
"On Shipment","A szállítás során"
"Dropdown","Legördülő"
"List with images","Képek listája"
"Don't show issuer list","Ne mutassa az emissziós listát"
"Autodetect","Automatikus észlelés"
"Store Locale","Bolt nyelve, helyszín"
"Payments API","Fizetések API"
"Orders API","Rendelések API"
"None","Nincs"
"First available Mollie method","Első elérhető Mollie módszer"
"No","Nem"
"Percentage","Százalék"
"Fixed Fee","Fix díj"
"Fixed Fee and Percentage","Fix díj és százalék"
"-- Use Default --","-- Használja az alapértelmezettet --"
"Please select","Kérjük, válasszon"
"1 hours","1 óra"
"%1 hours","%1 óra"
"Meal","Étkezés"
"Eco","Ökologikus"
"Gift","Ajándék"
"Custom attribute","Egyedi attribútum"
"Enabled","Engedélyezve"
"Custom URL","Egyedi URL"
"Disabled","Letiltva"
"Customer redirected to Mollie","Ügyfél átirányítva a Mollie-ra"
"Created Mollie Checkout Url","Mollie Checkout URL létrehozva"
"Currency does not match.","A pénznem nem egyezik."
"Mollie: Order Amount %1, Captured Amount %2","Mollie: Rendelési összeg %1, Lezárt összeg %2"
"New order email sent","Új rendelés e-mail elküldve"
"Unable to send the new order email: %1","Nem sikerült elküldeni az új rendelés e-mailt: %1"
"Notified customer about invoice #%1","Értesítettük az ügyfelet a #%1 számláról"
"Unable to send the invoice: %1","Nem sikerült elküldeni a számlát: %1"
"Transaction ID not found","A tranzakció ID nem található"
"Api key not found","Az API-kulcs nem található"
"Mollie (Order ID: %2): %1","Mollie (Rendelés ID: %2): %1"
"Class Mollie\Api\MollieApiClient does not exist","A Mollie\Api\MollieApiClient osztály nem létezik"
"Shipment already pushed to Mollie","A szállítás már már pusholt a Mollie-ra"
"All items in this order where already marked as shipped in the Mollie dashboard.","Ez a rendelés összes tételét már szállítottnak jelöltük a Mollie irányítópultján."
"Mollie API: %1","Mollie API: %1"
"Shipment ID not found","A szállítás ID nem található"
"An offline refund has been created, please make sure to also create this refund on mollie.com/dashboard or use the online refund option.","Offline visszatérítés létrehozva, kérjük, győződjön meg arról, hogy ez a visszatérítés létre legyen hozva a mollie.com/dashboard oldalon, vagy használja az online visszatérítési lehetőséget."
"Order can only be refunded after Klarna has been captured (after shipment)","A rendelés csak akkor téríthető vissza, ha a Klarna-t már lezárták (szállítás után)"
"Can not create online refund, as shipping costs do not match","Nem tud online visszatérítést létrehozni, mivel a szállítási költségek nem egyeznek"
"Mollie: Captured %1, Settlement Amount %2","Mollie: Lezárt %1, Megállapodott összeg %2"
"Order not found","A rendelés nem található"
"API Key not found","API-kulcs nem található"
"Error: not possible to create an online refund: %1","Hiba: nem lehetséges online visszatérítést létrehozni: %1"
"No order found for transaction id %1","Nincs rendelés found a tranzakció ID-val %1"
"-- Please Select --","-- Kérjük, válasszon --"
"QR Code","QR kód"
"Could not save the Mollie customer: %1","Nem sikerült menteni a Mollie ügyfelet: %1"
"Customer with id ""%1"" does not exist.","A ""%1"" azonosítójú ügyfél nem létezik."
"Could not delete the Customer: %1","Nem sikerült törölni az ügyfelet: %1"
"Could not save Order Lines. Error: order line not found","Nem sikerült menteni a rendelési tételeket. Hiba: a rendelési tétel nem található"
"Could not save Order Lines. Error: sku's do not match","Nem sikerült menteni a rendelési tételeket. Hiba: az SKU-k nem egyeznek"
"Could not save the paymentToken: %1","Nem sikerült menteni a paymentToken-t: %1"
"PaymentToken with id ""%1"" does not exist.","A ""%1"" azonosítójú PaymentToken nem létezik."
"Could not delete the PaymentToken: %1","Nem sikerült törölni a PaymentToken-t: %1"
"Could not save the pendingPaymentReminder: %1","Nem sikerült menteni a pendingPaymentReminder-t: %1"
"PendingPaymentReminder with id ""%1"" does not exist.","A ""%1"" azonosítójú PendingPaymentReminder nem létezik."
"Could not delete the PendingPaymentReminder: %1","Nem sikerült törölni a PendingPaymentReminder-t: %1"
"Could not save the sentPaymentReminder: %1","Nem sikerült menteni a sentPaymentReminder-t: %1"
"SentPaymentReminder with id ""%1"" does not exist.","A ""%1"" azonosítójú SentPaymentReminder nem létezik."
"Could not delete the SentPaymentReminder: %1","Nem sikerült törölni a SentPaymentReminder-t: %1"
"%1: method not enabled in Mollie Dashboard","%1: módszer nem engedélyezve a Mollie irányítópultján"
"Are you sure you want to do this? This will cancel the current order and create a new one that is marked as payed.","Biztosan el akarja végezni ezt? Ez törli a jelenlegi rendelést, és létrehoz egy új rendelést, amelyet kifizetettként jelölnek."
"Mark as paid","Megjelölés kifizetettként"
"Send Payment Reminder","Fizetési emlékeztető küldése"
"Error: It looks like not all extension attributes are present. Make sure you run `bin/magento setup:di:compile`.","Hiba: Úgy tűnik, hogy nem minden kiterjesztési attribútum található. Győződjön meg arról, hogy futtatja a `bin/magento setup:di:compile` parancsot."
"Warning: Webhooks are currently disabled.","Figyelmeztetés: A webhookok jelenleg le vannak tiltva."
"Store Credit","Bolt kredit"
"We where unable to find the store credit for order #%1","Nem tudtuk megtalálni a bolt kreditet a #%1 rendeléshez"
"We created a new order with increment ID: %1","Új rendelést hoztunk létre, új azonosítoval (ID): %1"
"There is no order found with token %1","Nincs rendelés, amely a %1 tokenhez tartozik"
"Order uncanceled by webhook.","A rendelést a webhook által törölték."
"[TEST] An error occured","[TESZT] Hiba történt"
"Delete","Törlés"
"Send now","Küldés most"
"Create a Mollie Payment link and add this to the order email.","Hozzon létre egy Mollie Fizetési linket, és adja hozzá ezt a rendelési e-mailhez."
"Limit to the following method(s)","Korlátozás a következő módszerekre"
"If one method is chosen, it will skip the selection screen and the customer is sent directly to the payment method.","Ha egy módot választ, akkor átugorja a kiválasztási képernyőt, és az ügyfél közvetlenül a fizetési módra lesz küldve."
"This order expires at:","Ez a rendelés a következő időpontban jár le:"
"It is not posible to use Klarna Slice it or Klarna Pay later as method when your expiry date is more than 28 days in the future, unless another maximum is agreed between the merchant and Klarna.","Nem lehetséges Klarna Slice it vagy Klarna Pay later módként történő használata, ha a lejárati dátuma több mint 28 napnyi távolságban van, hacsak más maximális nincsen megállapítva a kereskedő és a Klarna között."
"Checkout Type","Megvásárolási típus"
"Checkout Url","Megvásárolt URL"
"Valid Until","Érvényesíthető"
"Payment Status","Fizetési állapot"
"Please ship order to capture Klarna payment","Kérjük, szállítsa le a rendelést, hogy rögzítse a Klarna kifizetést"
"Mollie ID","Mollie azonosító"
"View in Mollie dashboard","Nézze meg a Mollie irányítópultján"
"Copy","Másolás"
"Update Payment Status","Frissítse a fizetési állapotot"
"Fetch Status","Állapot lekérése"
"The payment-status will updated automatically by default, but in case of any interruption you can use this function to fetch the payment status manually.","A pénzügyi állapotot alapértelmezés szerint automatikusan frissítjük, de bármilyen megszakítás esetén használhatja ezt a funkciót, hogy manuálisan frissítse a pénzügyi állapotot."
"Redirecting to Mollie","Átirányítás a Mollie-hoz"
"Back to Checkout","Vissza a vásárláshoz"
"Proceed Payment","Fizetés folytatása"
"Complete your payment from %store_name","Befejezés a %store_name-tól"
"Dear %name,","Kedves %name,"
"Thank you for shopping at %store_name.","Köszönjük, hogy vásárolt a %store_name-nál."
"We noticed that you have placed an order with the following products but did not complete your payment. Use the link below to complete your order and make sure you don’t miss out on your items!","Észrevettük, hogy rendelést adott le az alábbi termékekkel, de nem fejezte be a kifizetést. Használja az alábbi linket, hogy befejezze a rendelését, és biztosítsa, hogy ne maradjon le az elemeiről!"
"<strong>Description:</strong> Order #%order_id from %store_name","<strong>Leírás:</strong> Rend. #%order_id a %store_name-tól"
"Click here to complete your payment","Kattintson ide a kifizetés befejezéséhez"
"You can ignore this email if you:<br />&bull; Do not wish to complete the order<br />&bull; Have completed the order via a different route.","Ezt az e-mailt figyelmen kívül hagyhatja, ha ön:<br />&bull; Nem szeretné befejezni a rendelést<br />&bull; A rendelést egy másik úton fejezte be."
"Place order","Rendelés leadása"
"Select Bank","Válassza ki a bankot"
"Select Giftcard","Válassza ki az ajándékkártyát"
"Invalid response received. This indicates an unknown problem.","Érvénytelen válasz érkezett. Ez egy ismeretlen problémát jelez."
"Great, you are using the latest version.","Nagyszerű, az utolsó verziót használja."
"There is a new version available <span>(%1)</span> see <button type=""button"" id=""mm-mollie-button_changelog"">changelog</button>.","Új verzió érhető el <span>(%1)</span> lásd <button type=""button"" id=""mm-mollie-button_changelog"">módosítások</button>."
"last 100 debug log lines","utolsó 100 hibakeresési log sor"
"download as .txt file","letöltés .txt fájlként"
"ok","rendben"
"last 100 error log records","utolsó 100 hiba naplóbejegyzés"
"Self-test","Önellenőrzés"
"Fetching...","Lekérés..."
"Error While Fetching","Hiba a lekérdezés során"
"Mollie Payment Reminders","Mollie Fizetési Emlékeztetők"
"Pending","Függőben"
"Sent","Elküldve"
"Apple Pay","Apple Pay"
"Title","Cím"
"Method","Módszer"
"Description","Leírás"
"Integration type","Integrációs típus"
"Days to expire","Lejárati napok"
"Payment from Applicable Countries","Fizetés az alkalmazható országokból"
"Payment from Specific Countries","Fizetés konkrét országokból"
"Minimum Order Total","Minimum rendelési összeg"
"Maximum Order Total","Maximum rendelési összeg"
"Payment Surcharge","Fizetési felár"
"Payment Surcharge fixed amount","Fizetési felár fix összeg"
"Payment Surcharge percentage","Fizetési felár százaléka"
"Payment Surcharge limit","Fizetési felár limit"
"Payment Surcharge Tax Class","Fizetési felár adóosztály"
"Sorting Order","Rendezési sorrend"
"Alma","Alma"
"Bancontact","Bancontact"
"Bancomat Pay","Bancomat Pay"
"Banktransfer","Banki átutalás"
"Status Pending","Állapot: Függőben"
"We recommend using another 'pending' status as the default Magento pending status can automatically cancel the order before the payment expiry time is reached.<br>By default the status ""Pending Payment"" is not visible for customers, therefore we advise you to create a new status for this, which should also be visible to the customer, informing them they still have to complete their payment.","Javasoljuk, hogy használjon egy másik 'függőben' állapotot, mivel az alapértelmezett Magento függő állapot automatikusan törölheti a rendelést, mielőtt elérné a fizetési lejárati időt.<br>Alapértelmezés szerint a ""Függőben lévő fizetés"" állapot nem látható az ügyfelek számára, ezért javasoljuk, hogy hozzon létre egy új állapotot ezzel a céllal, amelynek az ügyfél számára is láthatónak kell lennie, tájékoztatva őket, hogy még be kell fejezniük a kifizetést."
"Due Days","Esedékes napok"
"Belfius","Belfius"
"Credit Card","Hitelkártya"
"Use Mollie Components","Használja a Mollie Összetevőket"
"Enable Single Click Payments","Egylépéses kifizetés engedélyezése"
"SEPA Direct Debit","SEPA közvetlen terhelés"
"EPS","EPS"
"Giftcard","Ajándék kártya"
"Issuer List Style","Kibocsátó lista stílus"
"iDeal","iDeal"
"ING Homepay","ING Homepay"
"KBC/CBC","KBC/CBC"
"Klarna Pay Later","Klarna Pay Later"
"Klarna Slice","Klarna Slice"
"MyBank","MyBank"
"Payment Link / Admin Payment","Fizetési link / Adminisztrációs fizetés"
"Add Link to Payment Details","Link hozzáadása a fizetési részletekhez"
"Allow to manually mark as paid?","Engedélyezze, hogy manuálisan legyen megjelölve kifizetettnek?"
"Payment Message / Link","Fizetési üzenet / link"
"Status New","Új állapot"
"Paypal","Paypal"
"Paysafecard","Paysafecard"
"Point Of Sale (POS)","Point Of Sale (POS)"
"Payconiq","Payconiq"
"Przelewy24","Przelewy24"
"Satispay","Satispay"
"Sofort","Sofort"
"Trustly","Trustly"
"TWINT","TWINT"
"Vipps","Vipps"
"Voucher","Kupon"
"Category","Kategória"
"Product attribute","Termék tulajdonság"
"Mollie","Mollie"
"General","Általános"
"Branding","Márkajelzés"
"Version","Verzió"
"API Details","API részletek"
"You can find your Api Keys in your <a href=""https://www.mollie.com/dashboard/"" title=""Mollie Profiles"">Mollie Profile</a>.<br>","Az Api kulcsokat a <a href=""https://www.mollie.com/dashboard/"" title=""Mollie Profiles"">Mollie profilban</a> találja meg.<br>"
"Modus","Mód"
"Test API Key","Teszt API kulcs"
"Live API Key","Élő API kulcs"
"Profile ID","Profil azonosító"
"Settings","Beállítások"
"Show Icons","Ikonok megjelenítése"
"Default selected method","Alapértelmezett kiválasztott módszer"
"Debug & Logging","Hibakeresés és naplózás"
"Debug","Hibakeresés"
"Especially for Developers you can enable the Debug mode.","Kifejezetten a Fejlesztők számára engedélyezheti a hibakeresési módot."
"Debug requests","Hibakeresési kérések"
"Payment Methods","Fizetési módok"
"Advanced","Haladó"
"Statuses","Állapotok"
"Set the order status before the customer is redirected to Payment Gateway","Állítsa be a rendelés állapotát, mielőtt az ügyfél átirányításra kerül a Fizetési Kapuhoz"
"Status Processing","Feldolgozás állapot"
"Set the order status for Completed Payments","Állítse be a rendelés állapotát a befejezett kifizetésekhez"
"Triggers & Languages","Kiváltások és nyelvek"
"When to create the invoice?","Mikor kell létrehozni a számlát?"
"When do you want create the invoice for <strong>Klarna Payments</strong>?<br><strong>On Authorize</strong>: Create a full invoice when the order is authorized.<br><strong>On Shipment</strong>: Create a (partial) invoice when a shipment is created.","Mikor szeretné létrehozni a számlát a <strong>Klarna Payments</strong> esetében?<br><strong>Az engedélyezéskor</strong>: Teljes számla létrehozása, amikor a rendelést engedélyezik.<br><strong>A szállításkor</strong>: Részleges számla létrehozása, amikor a szállítás megtörténik."
"Send Invoice Email","Számla e-mail küldése"
"Set the notification for to Notify the customer with the Invoice","Állítsa be az értesítést, hogy értesítse az ügyfelet a számláról"
"Cancel order when connection Fails","Törölje a rendelést, ha a kapcsolat megszakad"
"Include shipping in Surcharge calculation","A szállítást bele kell foglalni a felár számításába"
"Use Base Currency","Bázis pénznem használata"
"Language Payment Page","Nyelv a fizetési oldalon"
"Let Mollie automatically detect the language or force the language from the store view.","Engedje meg, hogy a Mollie automatikusan észlelje a nyelvet, vagy kényszerítse a nyelvet az üzlet nézetből."
"Show Transaction Details","Tranzakciós részletek megjelenítése"
"Use Loading Screen","Betöltő képernyő használata"
"PWA Storefront Integration","PWA Bolt Integráció"
"Advanced: PWA storefront integration","Haladó: PWA bolt integráció"
"Only use this function if you want to integrate the Mollie extension with a PWA storefront. More information can be found <a href=""https://github.com/mollie/magento2/wiki/PWA-integration"" target=""_blank"">here</a>.","Csak akkor használja ezt a funkciót, ha a Mollie plugint egy PWA boltban kívánja integrálni. További információt talál itt: <a href=""https://github.com/mollie/magento2/wiki/PWA-integration"" target=""_blank"">itt</a>."
"Use custom return url?","Egyedi visszatérítési URL használata?"
"Custom return url","Egyedi visszatérítési URL"
"Second Chance Email","Második esély e-mail"
"Send an e-mail to customers with a failed or unfinished payment to give them a second chance on finishing the payment through the PaymentLink and revive their order.<br>You can either sent these payment reminders manually or activate the e-mail fully automated.","Küldjön e-mailt az ügyfeleknek a sikertelen vagy befejezetlen kifizetés érdekében, hogy második esélyt adjon a fizetés befejezésére a Fizetési Linken keresztül, és felelevenítse a rendelésüket.<br>Ezért vagy ezeket a fizetési emlékeztetőket manuálisan küldheti, vagy automatikusan aktiválhatja az e-mailt."
"Enable Second Chance Email","Második esély e-mail engedélyezése"
"Second Chance Email Template","Második esély e-mail sablon"
"Automatically Send Second Chance Emails","Automatikusan küldje el a második esély e-maileket"
"Second Chance Email Delay","Második esély e-mail késleltetése"
"Mollie Payment Fee","Mollie fizetési díj"
"Payment fee","Fizetési díj"
"Delete items","Elemek törlése"
"Are you sure you want to delete selected items?","Biztos benne, hogy törölni szeretné a kiválasztott elemeket?"
"Warning","Figyelmeztetés"
"This action is time-consuming and the page can time out when there are too many items selected","Ez az eljárás időigényes, és a lap időtúlléphet, ha túl sok elem van kiválasztva"
"Increment ID","Növekmény ID"
"Firstname","Keresztnév"
"Lastname","Vezetéknév"
"E-mail","E-mail"
"Name on card:""Name on card""","Név a kártyán: ""Név a kártyán"""
"Card Number","Kártyaszám"
"CVC/CVV:""CVC/CVV""","CVC/CVV: ""CVC/CVV"""
"Expiry Date","Lejárati dátum"
"Warning: This order is (partially) paid using a voucher. You can refund a maximum of %1.","Figyelmeztetés: Ez a rendelés (részben) ajándékkártyával lett kifizetve. A maximálisan visszatéríthető összeg: %1."
"Failed to initialize product","A termék inicializálása nem sikerült"
"Your session has expired","A munkamenet lejárt"
"Product not found","A termék nem található"
"We can't add this item to your shopping cart right now.","Jelenleg nem tudjuk hozzáadni ezt az elemet a bevásárlókosarához."
"The webhook URL is invalid because it is unreachable from Mollie's point of view. View this article for more information: https://github.com/mollie/magento2/wiki/Webhook-Communication-between-your-Magento-webshop-and-Mollie","A webhook URL érvénytelen, mivel a Mollie szempontjából elérhetetlen. További információk ezen a cikken találhatók: https://github.com/mollie/magento2/wiki/Webhook-Communication-between-your-Magento-webshop-and-Mollie"
"Required parameter ""cart_id"" is missing","A ""cart_id"" kötelező paraméter hiányzik"
"The current user cannot perform operations on cart ""%masked_cart_id""","A jelenlegi felhasználó nem végezhet műveleteket a ""%masked_cart_id"" bevásárlókosáron"
"Missing ""payment_token"" input argument","Hiányzó ""payment_token"" bemeneti információ"
"No order found with token ""%1""","Nincs rendelés a ""%1"" tokennel"
"Setting the default method does not work when the One Step Checkout extension is enabled. Please see Sales -> OneStepCheckout -> Payment method defaults for the same effect.","Az alapértelmezett módszer beállítása nem működik, amikor az One Step Checkout kiterjesztés engedélyezve van. Kérjük, nézze meg a Sales -> OneStepCheckout -> Payment method defaults induló hatását."
"The description to be used for this transaction. These variables are available:<br><br><strong>{ordernumber}</strong>: The order number for this transaction.<br><strong>{storename}</strong>: The name of the store.<br><strong>{customerid}</strong>: The ID of the customer. Is empty when the customer is a guest.<br><br>(Note: This only works when the method is set to Payments API)","A tranzakcióhoz használandó leírás. Ezek a változók állnak rendelkezésre:<br><br><strong>{ordernumber}</strong>: A tranzakció rendelési száma.<br><strong>{storename}</strong>: Az üzlet neve.<br><strong>{customerid}</strong>: Az ügyfél azonosítója. Ha az ügyfél vendég, üres.<br><br>(Megjegyzés: Ez csak akkor működik, ha a módszer a Fizetések API-ra van állítva)"
"The current value starts with <strong>%1</strong> and ends on <strong>%2</strong>","A jelenlegi érték <strong>%1</strong>-kel kezdődik és <strong>%2</strong>-ben végződik"
"Black","Fekete"
"White","Fehér"
"White Outline","Fehér körvonal"
"Buy","Vásárlás"
"Donate","Adományozás"
"Plain","Sima"
"Book","Könyv"
"Check out","Megvásárolom"
"Subscribe","Feliratkozás"
"Add money","Pénz hozzáadása"
"Contribute","Hozzájárulás"
"Order","Megrendelés"
"Reload","Újratöltés"
"Rent","Bérlés"
"Support","Támogatás"
"Tip","Borravaló"
"Top up","Feltöltés"
"Redirect to cart","Átirányítás a kosárhoz"
"Redirect to checkout (shipping)","Átirányítás a pénztárhoz (szállítás)"
"Redirect to checkout (payment)","Átirányítás a pénztárhoz (fizetés)"
"Use the method of the original order","Az eredeti rendelés módszerének használata"
"Could not save the apiKeyFallback: %1","Nem sikerült elmenteni az apiKeyFallback-ot: %1"
"ApiKeyFallback with id ""%1"" does not exist.","Az ""%1"" azonosítójú ApiKeyFallback nem létezik."
"Could not delete the ApiKeyFallback: %1","Nem sikerült törölni az ApiKeyFallback-ot: %1"
"Unable to create online refund, as shipping costs do not match","Nem lehet online visszatérítést létrehozni, mivel a szállítási költségek nem egyeznek"
"""%1"" does not implement %1","""%1"" nem valósítja meg %1"
"Unable to process order %s","Nem sikerült feldolgozni a %s rendelést"
"No order(s) found for transaction id %1","Nincs rendelés található a %1 tranzakciós azonosítóhoz"
"Could not save the transactionToOrder: %1","Nem sikerült elmenteni a transactionToOrder-t: %1"
"TransactionToOrder with id ""%1"" does not exist.","A ""%1"" azonosítójú TransactionToOrder nem létezik."
"Could not delete the TransactionToOrder: %1","Nem sikerült törölni a TransactionToOrder-t: %1"
"Unable to get lock for %1","Nem sikerült zárolni a %1-t"
"No info_buyRequest option found","Nincs infó_buyRequest opció található"
"No metadata found for order %1","Nincs metaadat a %1 rendeléshez"
"Order ID does not match","A rendelés azonosítója nem egyezik"
"Magento Gift Card","Magento Ajándék Kártya"
"Magento Gift Wrapping","Magento Ajándék Csomagolás"
"We were unable to find the store credit for order #%1","Nem sikerült megtalálni a bolt kreditjét a #%1 rendeléshez"
"The orders have different currencies (%1)","A megrendelések eltérő pénzneműek (%1)"
"If only one method is chosen, the selection screen is skipped and the customer is sent directly to the payment method.","Ha csak egy módszer lett választva, a kiválasztási képernyő átugrásra kerül, és az ügyfél közvetlenül a fizetési módra kerül."
"It is not posible to use Klarna Slice it or Klarna Pay later as method when your expiry date is more than 28 days, unless another maximum is agreed between the merchant and Klarna.","Nem lehetséges a Klarna Slice it vagy Klarna Pay later módszer használata, ha a lejárati dátuma több mint 28 nap, kivéve, ha más maximumot állapítanak meg a kereskedő és Klarna között."
"%1 using Voucher, %2 direct.","%1 Voucher használatával, %2 közvetlenül."
"Name on card","Név a kártyán"
"CVC/CVV","CVC/CVV"
"Save for later use.","Mentés későbbi használatra."
"Place Order","Rendelés leadása"
"ending","záró"
"Last 100 debug log lines","Az utolsó 100 hibakeresési napló sor"
"Download as .txt file","Letöltés .txt fájlként"
"Last 100 error log records","Az utolsó 100 hiba log bejegyzés"
"Mollie Configuration","Mollie Beállítások"
"Sort Order","Sorrend"
"Apple Pay Direct","Apple Pay Közvetlen"
"Activating this option will allow placing the Apple Pay button directly on the product detail pages for a faster checkout.","Ezzel az opcióval lehetővé válik, hogy az Apple Pay gomb közvetlenül a termék részletező oldalain jelenjen meg a gyorsabb pénztár érdekében."
"Enable Button on Product Page","Gomb engedélyezése a termékoldalon"
"Buy Now Button Style","Vásárolj most gomb stílus"
"Buy Now Button Type","„Vásárlás most” gombtípus"
"Enable Button in minicart","""Gomb"" engedélyezése a minicart-ban"
"Minicart Button Style","Minicart gomb stílus"
"Minicart Button Type","Minicart gomb típus"
"Enable Magento Vault","Magento Vault engedélyezése"
"When do you want to create the invoice for <strong>Klarna</strong> or <strong>Billie</strong> payments?<br><strong>On Authorize</strong>: Create a full invoice when the order is authorized.<br><strong>On Shipment</strong>: Create a (partial) invoice when a shipment is created.","Mikor szeretné létrehozni a számlát <strong>Klarna</strong> vagy <strong>Billie</strong> fizetésekhez?<br><strong>Engedélyezéskor</strong>: Hozzon létre egy teljes számlát, amikor a rendelést engedélyezik.<br><strong>Szállításkor</strong>: Hozzon létre egy (részleges) számlát, amikor létrejön a szállítás."
"Set to yes to send the invoice email to the customer after the invoice is created.","Állítsa be igen-re, hogy a számla emailt az ügyfélnek küldje a számla létrehozása után."
"Redirect user when redirect fails","Irányítsa át a felhasználót, ha az átirányítás sikertelen"
"<strong>Autodetect:</strong> Let Mollie detect the locale depending on the user. However, the locale from the current store view is used when using the Orders API for the used payment method.<br> <strong>Store Locale</strong>: Use the locale active in the current store or fall back to English if this can't be determined.","<strong>Automatikus észlelés:</strong> Engedje, hogy a Mollie észlelje a nyelvi beállítást a felhasználó szerint. Azonban az éppen aktuális bolt nézetből származó nyelvi beállítást használják a használt fizetési módszer Orders API-jának használatakor.<br> <strong>Bolt nyelvi beállítás</strong>: Használja a boltban aktív nyelvi beállítást, vagy ha ez nem határozható meg, akkor térjen vissza az angolra."
"Use webhooks","Webhookok használata"
"Custom webhook url","Egyedi webhook url"
"Encrypt payment details","Fizetési adatok titkosítása"
"Send an e-mail to customers with a failed or unfinished payment to give them a second chance on finishing the payment through the PaymentLink and revive their order.<br>You can either send these payment reminders manually or activate the e-mail fully automated.","Küldjön e-mailt az ügyfeleknek, akiknek a fizetése sikertelen vagy befejezetlen, hogy második esélyt adjon számukra a fizetés befejezésére a PaymentLink-en keresztül, és életre kelthesse a rendelésüket.<br>Ezeket a fizetési emlékeztetőket manuálisan küldheti vagy teljesen automatikusan aktiválhatja."
"Payment Method To Use For Second Chance Payments","A használandó fizetési mód második változatú fizetésekhez"
"Your order has already been paid.","A rendelése már ki van fizetve."
