"Check last 100 debug log records","Skoða síðustu 100 aflúsunaratvik á skrá"
"Run Self-test","Framkvæma sjálfspróf"
"Check for latest versions","Skoða nýjustu útgáfurnar"
"Test Apikey","Prófa Api-lykil"
"Self Test","Sjálfspróf"
"Payment Fee","Greiðslugjald"
"The latest status from Mollie has been retrieved","Nýjasta staðan frá Mollie hefur verið endurheimt"
"We cancelled order %1, created this order and marked it as complete.","Við höfum afbókað pöntunina %1, búið til þessa pöntun og merkt hana sem fullunna."
"Warning: We recommend to install the Mollie extension using Composer, currently it's installed in the app/code folder.","Aðvörun: Við ráðleggjum að hala niður Mollie viðbótina með Composer, eins og stendur er hún sett upp í smáforrita/kóða möppunni."
"The payment reminder email was successfully send","Greiðsluáminningin var send í tölvupósti með góðum árangri"
"Log is empty","Skráin er tóm"
"The payment reminder has been removed","Greiðsluáminingin hefur verið fjarlægð"
"The selected payment reminders have been removed","Útvöldu greiðsluáminningarnar hafa verið fjarlægðar"
"Pending Payment Reminders","Óafgreiddar greiðsluáminningar"
"The payment reminder for order #%1 has been sent","Greiðsluáminning fyrir pöntun #%1 hefur verið send"
"The payment reminder for %1 order(s) has been sent","Greiðsluáminning fyrir %1 pöntun/pantanir hafa verið sendar"
"Sent Payment Reminders","Sendar greiðsluáminningar"
"Invalid return, missing order id.","Ógild svörun, pöntunarnúmer vantar."
"Invalid return from Mollie.","Ógild svörun frá Mollie."
"There was an error checking the transaction status.","Villa kom upp við athugun á stöðu færslu."
"Transaction failed. Please verify your billing information and payment method, and try again.","Færslan fór úrskeiðis. Vinsamlegast sannreyndu greiðsluupplýsingar og greiðslumáta og reyndu aftur."
"Payment canceled, please try again.","Hætt við greiðslu, vinsamlegast reyndu aftur."
"Payment Method not found","Greiðslumáti ekki fundinn"
"Canceled because an error occurred while redirecting the customer to Mollie","Hætt var við greiðslu vegna villu sem kom upp við umbeiningu viðskiptavinar til Mollie"
"A Timeout while connecting to %1 occurred, this could be the result of an outage. Please try again or select another payment method.","Rof átti sér stað við tengingu á %1, þetta gæti verið vegna rafmagnsleysis. Vinsamlegast reyndu aftur eða veldu annan greiðslumáta."
"The required payment token is not available","Nauðsynlegur greiðslulykill er ekki aðgengilegur"
"The payment token %1 does not exists","Greiðslulykill %1 er ekki til"
"Payment cancelled, please try again.","Greiðslu hafnað, vinsamlegast reyndu aftur."
"The field ""payment_token"" is required for this request","Reiturinn ""payment_token"" er nauðsynlegur fyrir þessa beiðni"
"Mollie API client for PHP is not installed, for more information about this issue see our %1 page.","Mollie API viðskiptavinur fyrir PHP er ekki uppsettur, fyrir frekari upplýsingar um þetta villuboð sjáðu síðuna okkar %1."
"Mollie API client for PHP is not installed, for more information about this issue see: %1","Mollie API viðskiptavinur fyrir PHP er ekki uppsettur, fyrir frekari upplýsingar um þetta vandamál sjáðu: %1"
"The order was canceled","Hætt var við pöntunina"
"The order was canceled, reason: payment %1","Hætt var við pöntunina, ástæða: greiðsla %1"
"Test API-key: Empty value","Prófa API-lykil: Tómt gildi"
"Test API-key: Should start with ""test_""","Prófa API-lykil: Ætti að hefjast á ""test_"""
"Enabled Methods: None, Please enable the payment methods in your Mollie dashboard.","Virkjaðar aðferðir: Engar, Vinsamlegast virkjaðu greiðslumáta í Mollie stjórnborðinu þínu."
"Enabled Methods","Virkjaðar aðferðir"
"Test API-key: Success!","Prófa API-lykil: Tókst!"
"Test API-key: %1","Prófa API-lykil: %1"
"Live API-key: Empty value","API-lykill í virkri notkun: Tómt gildi"
"Live API-key: Should start with ""live_""","API-lykill í virkri notkun: Ætti að hefjast á ""live_"""
"Enabled Methods: %1","Virkjaðar aðferðir: %1"
"Live API-key: Success!","Virkur API-lykill: Tókst!"
"Live API-key: %1","Virkur API-lykill: %1"
"Error: The client requires PHP version >= %1, you have %2.","Villa: Viðskiptavinur þarfnast PHP útgáfu >= %1, þú ert með %2."
"Success: PHP version: %1.","Árangur: PHP útgáfa: %1."
"Error: PHP extension JSON is not enabled.","Villa: PHP viðbót JSON er ekki virk."
"Please make sure to enable ""json"" in your PHP configuration.","Vinsamlegast virkjaðu ""json"" í PHP grunnstillingunni þinni."
"Success: JSON is enabled.","Árángur: JSON er virkt."
"Error: Mollie CompatibilityChecker not found.","Villa: Mollie CompatibilityChecker ekki fundin."
"Warning: We recommend to use a unique payment status for pending Banktransfer payments","Aðvörun: Við ráðleggjum að nota einstakan greiðslustöðu fyrir væntandi bankaflutningagreiðslur"
"Live","Beint"
"Test","Próf"
"External","Ytri"
"Direct","Beint"
"On Authorize","Við heimildarveitingu"
"On Shipment","Við flutning"
"Dropdown","Fellivalmynd"
"List with images","Listi með myndum"
"Don't show issuer list","Ekki sýna lista af útgefendum"
"Autodetect","Sjálfvirk uppgötvun"
"Store Locale","Verslunarsvæði"
"Payments API","Greiðslur API"
"Orders API","Pantanir API"
"None","Enginn"
"First available Mollie method","Fyrsta tiltæka Mollie aðferðin"
"No","Nei"
"Percentage","Prósenta"
"Fixed Fee","Fast gjald"
"Fixed Fee and Percentage","Fast gjald og prósenta"
"-- Use Default --","-- Nota sjálfgefið --"
"Please select","Vinsamlegast veldu"
"1 hours","1 klukkustund"
"%1 hours","%1 klukkustundir"
"Meal","Máltíð"
"Eco","Eco"
"Gift","Gjöf"
"Custom attribute","Sérsniðinn eiginleiki"
"Enabled","Virkjað"
"Custom URL","Sérsniðið URL"
"Disabled","Óvirkur"
"Customer redirected to Mollie","Viðskiptavinur framsendur til Mollie"
"Created Mollie Checkout Url","Mollie Checkout Url búið til"
"Currency does not match.","Gjaldmiðill passar ekki."
"Mollie: Order Amount %1, Captured Amount %2","Mollie: Fjárhæð pöntunnar %1, Innheimt fjárhæðar %2"
"New order email sent","Nýr tölvupóstur sendur varðandi pöntunina"
"Unable to send the new order email: %1","Ekki tókst að senda nýja tölvupóstinn: %1 varðandi pöntunina"
"Notified customer about invoice #%1","Viðskiptavinur tilkynntur um reikninginn #%1"
"Unable to send the invoice: %1","Ekki tókst að senda reikninginn: %1"
"Transaction ID not found","Færslu ID fannst ekki"
"Api key not found","Api lykill fannst ekki"
"Mollie (Order ID: %2): %1","Mollie (Pöntunar ID: %2): %1"
"Class Mollie\Api\MollieApiClient does not exist","Class Mollie\Api\MollieApiClient er ekki til"
"Shipment already pushed to Mollie","Sending hefur þegar verið send til Mollie"
"All items in this order where already marked as shipped in the Mollie dashboard.","Allar vörur í þessari pöntun hafa þegar verið merktar sem fluttar í Mollie stjórnborðinu."
"Mollie API: %1","Mollie API: %1"
"Shipment ID not found","Sendingar ID fannst ekki"
"An offline refund has been created, please make sure to also create this refund on mollie.com/dashboard or use the online refund option.","Handvirk endurgreiðsla hefur verið búin til, vinsamlegast gakktu úr skugga um að hún sé skráð á mollie.com/dashboard eða notfærðu þér valkostinn fyrir netendurgreiðslu."
"Order can only be refunded after Klarna has been captured (after shipment)","Pöntun getur aðeins verið endurgreidd eftir að Klarna hefur verið móttekin (eftir flutning)"
"Can not create online refund, as shipping costs do not match","Ekki hægt að skapa netendurgreiðslu þar sem flutningskostnaður stemmir ekki"
"Mollie: Captured %1, Settlement Amount %2","Mollie: Móttekið %1, Uppgjörsfjárhæð %2"
"Order not found","Pöntun fannst ekki"
"API Key not found","API lykill fannst ekki"
"Error: not possible to create an online refund: %1","Villa: ekki hægt að skapa netendurgreiðslu: %1"
"No order found for transaction id %1","Engin pöntun fannst við færslu id %1"
"-- Please Select --","-- Vinsamlegast veldu --"
"QR Code","QR Kóði"
"Could not save the Mollie customer: %1","Gat ekki vistað Mollie viðskiptavininn: %1"
"Customer with id ""%1"" does not exist.","Viðskiptavinur með id ""%1"" er ekki til."
"Could not delete the Customer: %1","Gat ekki eytt viðskiptavininum: %1"
"Could not save Order Lines. Error: order line not found","Gat ekki vistað pöntunarlínur. Villa: pöntunarlína ekki fundin"
"Could not save Order Lines. Error: sku's do not match","Gat ekki vistað pöntunarlínur. Villa: SKU-númer passa ekki"
"Could not save the paymentToken: %1","Gat ekki vistað greiðslutáknið: %1"
"PaymentToken with id ""%1"" does not exist.","Greiðslutákn með ID ""%1"" er ekki til."
"Could not delete the PaymentToken: %1","Gat ekki eytt greiðslutákninu: %1"
"Could not save the pendingPaymentReminder: %1","Tókst ekki að vista beiðni um greiðsluáminninguna %1"
"PendingPaymentReminder with id ""%1"" does not exist.","Greiðsluáminningin í bið með id ""%1"" er ekki til."
"Could not delete the PendingPaymentReminder: %1","Gat ekki eytt beiðni um greiðsluáminningu: %1"
"Could not save the sentPaymentReminder: %1","Gat ekki vistað greiðsluáminninguna: %1"
"SentPaymentReminder with id ""%1"" does not exist.","Senta greiðsluáminningin með id ""%1"" er ekki til."
"Could not delete the SentPaymentReminder: %1","Gat ekki eytt sentu greiðsluáminningunni: %1"
"%1: method not enabled in Mollie Dashboard","%1: aðferð ekki virk í Mollie stjórnborði"
"Are you sure you want to do this? This will cancel the current order and create a new one that is marked as payed.","Ertu viss um að þú viljir halda áfram? Þetta mun hætta við núverandi pöntun og búa til nýja sem er merkt sem greidd."
"Mark as paid","Merkja sem greitt"
"Send Payment Reminder","Sendi greiðsluáminningu"
"Error: It looks like not all extension attributes are present. Make sure you run `bin/magento setup:di:compile`.","Villa: Það virðist sem ekki allir viðbótar-eiginleikar séu til staðar. Gakktu úr skugga um að þú keyrir `bin/magento setup:di:compile`."
"Warning: Webhooks are currently disabled.","Aðvörun: Webhooks eru óvirkt eins og er."
"Store Credit","Verslunarkredit"
"We where unable to find the store credit for order #%1","Við gátum ekki fundið verslunarkredit fyrir pöntun #%1"
"We created a new order with increment ID: %1","Við sköpuðum nýja pöntun með raðkennið %1"
"There is no order found with token %1","Engin pöntun fannst með tákninu %1"
"Order uncanceled by webhook.","Pöntun hefur verið afturkölluð af Webhook."
"[TEST] An error occured","[TEST] Villa kom upp"
"Delete","Eyða"
"Send now","Senda núna"
"Create a Mollie Payment link and add this to the order email.","Búðu til Mollie greiðslutengil og bættu þessu við pöntunarpóstinn."
"Limit to the following method(s)","Takmarka við eftirfarandi aðferð/aðferðir"
"If one method is chosen, it will skip the selection screen and the customer is sent directly to the payment method.","Ef ein aðferð er valin, mun valskjánum vera sleppt og viðskiptavininum er beint rakleiðis að greiðslumátanum."
"This order expires at:","Þessi pöntun rennur út klukkan:"
"It is not posible to use Klarna Slice it or Klarna Pay later as method when your expiry date is more than 28 days in the future, unless another maximum is agreed between the merchant and Klarna.","Ekki er hægt að nota Klarna Slice it eða Klarna Pay later sem greiðslumáta þegar gildistíminn rennur út eftir meira en 28 daga, nema ef annað hámark sé samþykkt milli seljandans og Klarna."
"Checkout Type","Tegund afgreiðslu"
"Checkout Url","Afgreiðslu Url"
"Valid Until","Gildir til"
"Payment Status","Staða greiðslu"
"Please ship order to capture Klarna payment","Vinsamlegast sendu pöntunina til að innheimta greiðslu í gegnum Klarna"
"Mollie ID","Mollie ID"
"View in Mollie dashboard","Skoða í Mollie stjórnborðinu"
"Copy","Afrita"
"Update Payment Status","Uppfæra greiðslustöðu"
"Fetch Status","Sækja stöðu"
"The payment-status will updated automatically by default, but in case of any interruption you can use this function to fetch the payment status manually.","Greiðslustaðan uppfærist sjálfkrafa, en ef eitthvað truflar ferlið geturðu notað þessa aðgerð til að sækja greiðslustöðuna handvirkt."
"Redirecting to Mollie","Beinir aftur að Mollie"
"Back to Checkout","Tilbaka að útskráningu"
"Proceed Payment","Halda áfram að greiðslusíðu"
"Complete your payment from %store_name","Ljúktu greiðslunni frá %store_name"
"Dear %name,","Kæri/Kæra %name,"
"Thank you for shopping at %store_name.","Takk fyrir að versla hjá %store_name."
"We noticed that you have placed an order with the following products but did not complete your payment. Use the link below to complete your order and make sure you don’t miss out on your items!","Við tókum eftir því að þú hefur pantað eftirfarandi vörur en ekki lokið við greiðslu. Notaðu hlekkinn hér að neðan til að klára pöntunina og tryggja að þú missir ekki af vörunum þínum!"
"<strong>Description:</strong> Order #%order_id from %store_name","<strong>Útskýring:</strong> Pöntun #%order_id frá %store_name"
"Click here to complete your payment","Smelltu hér til að ljúka greiðslunni þinni"
"You can ignore this email if you:<br />&bull; Do not wish to complete the order<br />&bull; Have completed the order via a different route.","Þú getur hunsað þennan tölvupóst ef þú:<br />&bull; Vilt ekki ljúka pöntuninni<br />&bull; Hefur lokið pöntuninni með öðrum hætti."
"Place order","Leggðu inn pöntun"
"Select Bank","Veldu banka"
"Select Giftcard","Veldu gjafakort"
"Invalid response received. This indicates an unknown problem.","Ógild svör fönguð. Þetta gefur til kynna óþekkt vandamál."
"Great, you are using the latest version.","Frábært, þú ert að nota nýjustu útgáfuna."
"There is a new version available <span>(%1)</span> see <button type=""button"" id=""mm-mollie-button_changelog"">changelog</button>.","Ný útgáfa er tiltæk <span>(%1)</span> sjá <button type=""button"" id=""mm-mollie-button_changelog"">bókunarskrá</button>."
"last 100 debug log lines","síðustu 100 línur á aflúsunarskrá"
"download as .txt file","hala niðir sem .txt skrá"
"ok","ok"
"last 100 error log records","síðustu 100 færslur í villuskrá"
"Self-test","Sjálfprófun"
"Fetching...","Sæki..."
"Error While Fetching","Villa við að sækja"
"Mollie Payment Reminders","Mollie greiðsluáminningar"
"Pending","Í vinnslu"
"Sent","Sent"
"Apple Pay","Apple Pay"
"Title","Titill"
"Method","Aðferð"
"Description","Lýsing"
"Integration type","Tegund samþættingar"
"Days to expire","Dagar þar til gildistíma lýkur"
"Payment from Applicable Countries","Greiðsla frá viðeigandi löndum"
"Payment from Specific Countries","Greiðsla frá ákveðnum löndum"
"Minimum Order Total","Lágmarks heildarupphæð pöntunar"
"Maximum Order Total","Hágmarks heildarupphæð pöntunar"
"Payment Surcharge","Greiðsluálag"
"Payment Surcharge fixed amount","Greiðsluálag föst upphæð"
"Payment Surcharge percentage","Greiðsluálag prósenta"
"Payment Surcharge limit","Greiðsluálag takmark"
"Payment Surcharge Tax Class","Greiðsluálag skattflokkur"
"Sorting Order","Röðun"
"Alma","Alma"
"Bancontact","Bancontact"
"Bancomat Pay","Bancomat Pay"
"Banktransfer","Banktransfer"
"Status Pending","Staða í vinnslu"
"We recommend using another 'pending' status as the default Magento pending status can automatically cancel the order before the payment expiry time is reached.<br>By default the status ""Pending Payment"" is not visible for customers, therefore we advise you to create a new status for this, which should also be visible to the customer, informing them they still have to complete their payment.","Við mælum með að nota aðra „í bið“ stöðu, þar sem sjálfgefin biðstaða Magento getur sjálfkrafa ógilt pöntun áður en greiðslutími rennur út.<br> Staðan „Bið eftir greiðslu“ sé ekki sýnileg fyrir viðskiptavinum. Því mælum við með að þú búir til nýja stöðu sem sé sýnileg viðskiptavinum og upplýsir þá um að þeir þurfi enn að ljúka greiðslu."
"Due Days","Gjalddagar"
"Belfius","Belfius"
"Credit Card","Kreditkort"
"Use Mollie Components","Notaðu Mollie Components"
"Enable Single Click Payments","Virkja einn-smell greiðslur"
"SEPA Direct Debit","SEPA Beinar færslur"
"EPS","EPS"
"Giftcard","Gjafakort"
"Issuer List Style","Birtingarstíll útgefendalista"
"iDeal","iDeal"
"ING Homepay","ING Homepay"
"KBC/CBC","KBC/CBC"
"Klarna Pay Later","Klarna Pay Later"
"Klarna Slice","Klarna Slice"
"MB Way","MB Way"
"Multibanco","Multibanco"
"MyBank","MyBank"
"Payment Link / Admin Payment","Greiðslutengill / Greiðsla stjórnanda"
"Add Link to Payment Details","Bæta við hlekk í greiðsluskilmála"
"Allow to manually mark as paid?","Leyfa að handvirkt merkja sem greitt?"
"Payment Message / Link","Greiðsluskilaboð / Hlekkur"
"Status New","Ný staða"
"Pay by Bank","Borgað af banka"
"Paypal","Paypal"
"Paysafecard","Paysafecard"
"Point Of Sale (POS)","Sölustaður (POS)"
"Payconiq","Payconiq"
"Przelewy24","Przelewy24"
"Satispay","Satispay"
"Sofort","Sofort"
"Swish","Swish"
"Trustly","Trustly"
"TWINT","TWINT"
"Vipps","Vipps"
"Voucher","Afsláttarmiði"
"Category","Flokkur"
"Product attribute","Eiginleiki vöru"
"Mollie","Mollie"
"General","Almennt"
"Branding","Merki"
"Version","Útgáfa"
"API Details","API Upplýsingar"
"You can find your Api Keys in your <a href=""https://www.mollie.com/dashboard/"" title=""Mollie Profiles"">Mollie Profile</a>.<br>","Þú getur fundið API lykla þína í <a href=""https://www.mollie.com/dashboard/"" title=""Mollie Profiles"">Mollie prófílnum</a>.<br>"
"Modus","Hamur"
"Test API Key","Prófa API lykil"
"Live API Key","Lifandi API lykill"
"Profile ID","Prófíla ID"
"Settings","Stillingar"
"Show Icons","Sýna tákn"
"Default selected method","Sjálfgefin valin aðferð"
"Debug & Logging","Aflúsun & skráning"
"Debug","Aflúsun"
"Especially for Developers you can enable the Debug mode.","Sérstakleg fyrir forritara, þú getur virkjað aflúsunarham."
"Debug requests","Fyrirspurn um aflúsun"
"Payment Methods","Greiðslumátar"
"Advanced","Háþróað"
"Statuses","Stöður"
"Set the order status before the customer is redirected to Payment Gateway","Stilltu pöntunarástandið áður en viðskiptavinurinn er stunginn í greiðslufyrirtæki"
"Status Processing","Staða í vinnslu"
"Set the order status for Completed Payments","Stilltu pöntunarstöðu fyrir loknar greiðslur"
"Triggers & Languages","Kveikjur & tungumál"
"When to create the invoice?","Hvenær á að búa til reikninginn?"
"When do you want create the invoice for <strong>Klarna Payments</strong>?<br><strong>On Authorize</strong>: Create a full invoice when the order is authorized.<br><strong>On Shipment</strong>: Create a (partial) invoice when a shipment is created.","Hvenær viltu búa til reikninginn fyrir <strong>Klarna greiðslur</strong>?<br><strong>Við samþykki</strong>: Búðu til allan reikning þegar pöntunin er samþykkt.<br><strong>Við sendingu</strong>: Búðu til (hlut) reikning þegar sending er búin til."
"Send Invoice Email","Senda reikning á netfang"
"Set the notification for to Notify the customer with the Invoice","Stilltu tilkynningar til þess að tilkynna viðskiptavininum með reikningnum"
"Cancel order when connection Fails","Hætta við pöntun þegar tenging mistekst"
"Include shipping in Surcharge calculation","Taka sendingarkostnað með í útreikning á aukagjaldi"
"Use Base Currency","Nota grunn­gjaldmiðilinn"
"Language Payment Page","Tungumál greiðslusíðu"
"Let Mollie automatically detect the language or force the language from the store view.","Leyfðu Mollie að sjálfkrafa greina tungumálið eða þvinga tungumálið frá verslunarsíðu."
"Show Transaction Details","Sýna smáatriði færslu"
"Use Loading Screen","Nota hleðsluskjá"
"PWA Storefront Integration","PWA verslunar samþætting"
"Advanced: PWA storefront integration","Fyrirframsól: PWA verslunar samþætting"
"Only use this function if you want to integrate the Mollie extension with a PWA storefront. More information can be found <a href=""https://github.com/mollie/magento2/wiki/PWA-integration"" target=""_blank"">here</a>.","Notaðu þessa aðgerð einungis ef þú vilt samþætta Mollie útvíkkinguna við PWA verslun. Frekari upplýsingar má finna <a href=""https://github.com/mollie/magento2/wiki/PWA-integration"" target=""_blank"">hér</a>."
"Use custom return url?","Nota sérsniðið aftursent url?"
"Custom return url","Sérsniðið aftursent url"
"Second Chance Email","Seinni tilraunarpóstur"
"Send an e-mail to customers with a failed or unfinished payment to give them a second chance on finishing the payment through the PaymentLink and revive their order.<br>You can either sent these payment reminders manually or activate the e-mail fully automated.","Sentu tölvupóst til viðskiptavina með misheppnaða eða óloknu greiðslu til að gefa þeim annað tækifæri til þess að klára greiðsluna í gegnum PaymentLink og endurnýja pöntunina.<br>Þú getur annað hvort sent þessar greiðsluminningar handvirkt eða virkjað tölvupóstinn alveg sjálfvirkt."
"Enable Second Chance Email","Virkja seinni tilraunarpóstinn"
"Second Chance Email Template","Sniðmát fyrir seinni tilraunarpóstinn"
"Automatically Send Second Chance Emails","Sjálfvirkt senda seinni tilraunarpóstinn"
"Second Chance Email Delay","Seinkun á seinni tilraunarpóstinum"
"Mollie Payment Fee","Mollie færslugjald"
"Payment fee","Færslugjald"
"Delete items","Eyða atriðum"
"Are you sure you want to delete selected items?","Ertu viss um að þú viljir eyða völdum atriðum?"
"Warning","Viðvörun"
"This action is time-consuming and the page can time out when there are too many items selected","Þessi aðgerð er tímafrek og síðan getur runnið út ef of mörg atriði eru valin"
"Increment ID","Raðnúmer"
"Firstname","Fornafn"
"Lastname","Eftirnafn"
"E-mail","Tölvupóstur"
"Name on card:""Name on card""","Nafn á kortinu:""Nafn á kortinu"""
"Card Number","Kortanúmer"
"CVC/CVV:""CVC/CVV""","CVC/CVV:""CVC/CVV"""
"Expiry Date","Gildistími"
"Warning: This order is (partially) paid using a voucher. You can refund a maximum of %1.","Viðvörun: Þessi pöntun er (að hluta til) greidd með afsláttarmiða. Þú getur endurgreitt að hámarki %1."
"Failed to initialize product","Mistókst að hefja vöru"
"Your session has expired","Setan þín er útrunnin"
"Product not found","Vara ekki fundin"
"We can't add this item to your shopping cart right now.","Við getum ekki bætt þessum hlut við innkaupakörfuna þína eins og er."
"The webhook URL is invalid because it is unreachable from Mollie's point of view. View this article for more information: https://github.com/mollie/magento2/wiki/Webhook-Communication-between-your-Magento-webshop-and-Mollie","Vefslóðin er ógild vegna þess að hún er ólesanleg frá sjónarhorni Mollie. Skoðaðu þessa grein fyrir frekari upplýsingar: https://github.com/mollie/magento2/wiki/Webhook-Communication-between-your-Magento-webshop-and-Mollie"
"Required parameter ""cart_id"" is missing","Skylda parametri ""cart_id"" vantar"
"The current user cannot perform operations on cart ""%masked_cart_id""","Núverandi notandi getur ekki framkvæmt aðgerðir á körfuna ""%masked_cart_id"""
"Missing ""payment_token"" input argument","Vantar ""payment_token"" inntaksbreytu"
"No order found with token ""%1""","Engin pöntun fannst með táknið ""%1"""
"Setting the default method does not work when the One Step Checkout extension is enabled. Please see Sales -> OneStepCheckout -> Payment method defaults for the same effect.","Að setja staðlaða aðferð virkar ekki þegar One Step Checkout viðbyggingin er virkjuð. Vinsamlegast sjáðu Sölu -> OneStepCheckout -> Sjálfgefnir greiðslumátar fyrir sömu niðurstöður"
"The description to be used for this transaction. These variables are available:<br><br><strong>{ordernumber}</strong>: The order number for this transaction.<br><strong>{storename}</strong>: The name of the store.<br><strong>{customerid}</strong>: The ID of the customer. Is empty when the customer is a guest.<br><br>(Note: This only works when the method is set to Payments API)","Lýsingin sem á að nota fyrir þessa færslu. Þessar breytur eru tiltækar:<br><br><strong>{ordernumber}</strong>: Pöntunarnúmer fyrir þessa færslu.<br><strong>{storename}</strong>: Nafn verslunarinnar.<br><strong>{customerid}</strong>: ID viðskiptavinarins. Er tómt þegar viðskiptavinurinn er gestur.<br><br>(Ath: Þetta virkar aðeins þegar aðferðin er stillt á greiðslur API)"
"The current value starts with <strong>%1</strong> and ends on <strong>%2</strong>","Núverandi gildi hefst á <strong>%1</strong> og endar á <strong>%2</strong>"
"Black","Svart"
"White","Hvítt"
"White Outline","Hvítar útlínur"
"Buy","Kaupa"
"Donate","Gefa"
"Plain","Venjulegt"
"Book","Bók"
"Check out","Ganga frá kaupum"
"Subscribe","Gerast áskrifandi"
"Add money","Bæta við peninga"
"Contribute","Leggja fram"
"Order","Panta"
"Reload","Endurhlaða"
"Rent","Leiga"
"Support","Stuðningur"
"Tip","Ráð"
"Top up","Bæta við"
"Redirect to cart","Beina aftur í innkaupakörfuna"
"Redirect to checkout (shipping)","Beina aftur að greiðslusíðu (sending)"
"Redirect to checkout (payment)","Beina aftur að greiðslusíðu (greiðsla)"
"Use the method of the original order","Nota sömu aðferð og í upprunalegu pöntuninni"
"Could not save the apiKeyFallback: %1","Gat ekki vistað apiKeyFallback: %1"
"ApiKeyFallback with id ""%1"" does not exist.","ApiKeyFallback með id ""%1"" er ekki til."
"Could not delete the ApiKeyFallback: %1","Gat ekki eytt ApiKeyFallback: %1"
"Unable to create online refund, as shipping costs do not match","Ekki hægt að búa til netendurgreiðslu, þar sem sendingarkostnaður passar ekki"
"""%1"" does not implement %1","""%1"" innleiðir ekki %1"
"Unable to process order %s","Ekki er hægt að vinna úr pöntun %s"
"No order(s) found for transaction id %1","Engin pöntun/pantanir fundust fyrir færslu id %1"
"Could not save the transactionToOrder: %1","Gat ekki vistað TransactionToOrder: %1"
"TransactionToOrder with id ""%1"" does not exist.","TransactionToOrder með ID ""%1"" er ekki til."
"Could not delete the TransactionToOrder: %1","Gat ekki eytt TransactionToOrder: %1"
"Unable to get lock for %1","Ekki er hægt að fá læsingu fyrir %1"
"No info_buyRequest option found","Engin info_buyRequest valkostur fannst"
"No metadata found for order %1","Engin metadata fannst fyrir pöntun %1"
"Order ID does not match","Pöntunar ID passar ekki"
"Magento Gift Card","Magento gjafakort"
"Magento Gift Wrapping","Magento gjafaumbúðir"
"We were unable to find the store credit for order #%1","Við gátum ekki fundið verslunarvexti fyrir pöntun #%1"
"The orders have different currencies (%1)","Pantanirnar hafa mismunandi gjaldmiðla (%1)"
"If only one method is chosen, the selection screen is skipped and the customer is sent directly to the payment method.","Ef aðeins ein aðferð er valin, þá er valskjánum sleppt og viðskiptavinurinn sendur rakleiðis að greiðsluaðferðinni."
"It is not posible to use Klarna Slice it or Klarna Pay later as method when your expiry date is more than 28 days, unless another maximum is agreed between the merchant and Klarna.","Það er ekki hægt að nota Klarna Slice it eða Klarna Pay later sem aðferð þegar giltistímabil er meira en 28 dagar, nema ef annað hámark er samið milli seljanda og Klarna."
"%1 using Voucher, %2 direct.","%1 nota afsláttarmiða, %2 beint."
"Name on card","Nafn á korti"
"CVC/CVV","CVC/CVV"
"Save for later use.","Vista til að nota síðar."
"Place Order","Ganga frá pöntun"
"ending","lokun"
"Last 100 debug log lines","Síðustu 100 línur á aflúsunarskrá"
"Download as .txt file","Sækja sem .txt skjal"
"Last 100 error log records","Síðustu 100 villuskilaboð á skrá"
"Mollie Configuration","Mollie stillingar"
"Sort Order","Röðun"
"Apple Pay Direct","Apple Pay Direct"
"Activating this option will allow placing the Apple Pay button directly on the product detail pages for a faster checkout.","Að virkja þennan valkost mun leyfa að setja Apple Pay takkann beint á vöruupplýsingasíðuna fyrir hraðari greiðslu."
"Enable Button on Product Page","Virkja takka á vörusíðu"
"Buy Now Button Style","Kaupa núna takkastíll"
"Buy Now Button Type","Kaupa núna takkategund"
"Enable Button in minicart","Virkja takka í smákörfu"
"Minicart Button Style","Smákörfu takkastíll"
"Minicart Button Type","Smákarfa takkategund"
"Enable Magento Vault","Virkja Magento Vault"
"When do you want to create the invoice for <strong>Klarna</strong> or <strong>Billie</strong> payments?<br><strong>On Authorize</strong>: Create a full invoice when the order is authorized.<br><strong>On Shipment</strong>: Create a (partial) invoice when a shipment is created.","Hvenær viltu búa til reikninginn fyrir <strong>Klarna</strong> eða <strong>Billie</strong> greiðslur?<br><strong>Við heimild</strong>: Búðu til allan reikninginn þegar pöntunin er heimil.<br><strong>Við sendingu</strong>: Búðu til (að hluta til) reikning þegar sending er búin til."
"Set to yes to send the invoice email to the customer after the invoice is created.","Hakaðu við já til þess að senda tölvupóst til viðskiptavinarins eftir að reikningur hefur verið skapaður."
"Redirect user when redirect fails","Endurbeina notanda þegar endurbeining mistekst"
"<strong>Autodetect:</strong> Let Mollie detect the locale depending on the user. However, the locale from the current store view is used when using the Orders API for the used payment method.<br> <strong>Store Locale</strong>: Use the locale active in the current store or fall back to English if this can't be determined.","<strong>Sjálfvirk skynjun:</strong> Leyfðu Mollie að skynja tungumál eftir notanda. Hins vegar er tungumál frá verslunarsýn notað þegar pöntunar API er notað fyrir útvaldan greiðslumáta.<br><strong> Tungumál verslunar</strong>: Notið virka tungumálið í núverandi verslun eða fallið aftur á ensku ef þetta getur ekki verið áætlað."
"Use webhooks","Nota webhooks"
"Custom webhook url","Sérsniðið webhooks url"
"Encrypt payment details","Dulkóða greiðsluyfirlit"
"Send an e-mail to customers with a failed or unfinished payment to give them a second chance on finishing the payment through the PaymentLink and revive their order.<br>You can either send these payment reminders manually or activate the e-mail fully automated.","Sendu tölvupóst til viðskiptavina með mislukkaðri eða ókláraðri greiðslu til að gefa þeim annan möguleika á að ljúka greiðslunni í gegnum PaymentLink og endurvekja pöntunina.<br>Þú getur annað hvort sent þessa greiðslupáminningu handvirkt eða virkjað sjálfvirka tölvupóstinn."
"Payment Method To Use For Second Chance Payments","Greiðslumáti fyrir endurtilraunagreiðslur"
"Your order has already been paid.","Pöntunin þín hefur þegar verið greidd."
